"Site Crawled","https://cybervadis.com/"
"Start Date","2026-05-25"
"Start Time","10:26:43"
"Last Modified Date","2026-05-25"
"Last Modified Time","10:27:50"
"Elapsed","00:01:05"
"Report Date","2026-05-25"
"Report Time","10:27:50"
""
"Summary","URLs","% of Total","Total URLs","Total URLs Description"
"Total URLs Encountered","556","100.00%","556","URLs Encountered"
"Total URLs Crawled","555","99.82%","556","URLs Encountered"
"Total Internal blocked by robots.txt","0","0.00%","556","URLs Encountered"
"Total External blocked by robots.txt","1","0.18%","556","URLs Encountered"
""
"URLs Displayed","556","100.00%","556","URLs Displayed"
"Total Internal URLs","377","67.81%","556","URLs Displayed"
"Total External URLs","179","32.19%","556","URLs Displayed"
"Total Internal Indexable URLs","176","31.65%","556","URLs Displayed"
"Total Internal Non-Indexable URLs","201","36.15%","556","URLs Displayed"
""
"Internal"
"All","377","100.00%","377","Internal URLs"
"HTML","186","49.34%","377","Internal URLs"
"JavaScript","1","0.27%","377","Internal URLs"
"CSS","3","0.80%","377","Internal URLs"
"Images","0","0.00%","377","Internal URLs"
"Media","0","0.00%","377","Internal URLs"
"Fonts","0","0.00%","377","Internal URLs"
"XML","4","1.06%","377","Internal URLs"
"PDF","0","0.00%","377","Internal URLs"
"Plugins","0","0.00%","377","Internal URLs"
"Other","183","48.54%","377","Internal URLs"
"Unknown","0","0.00%","377","Internal URLs"
""
"External"
"All","179","100.00%","179","External URLs"
"HTML","60","33.52%","179","External URLs"
"JavaScript","1","0.56%","179","External URLs"
"CSS","0","0.00%","179","External URLs"
"Images","114","63.69%","179","External URLs"
"Media","0","0.00%","179","External URLs"
"Fonts","0","0.00%","179","External URLs"
"XML","0","0.00%","179","External URLs"
"PDF","0","0.00%","179","External URLs"
"Plugins","0","0.00%","179","External URLs"
"Other","3","1.68%","179","External URLs"
"Unknown","1","0.56%","179","External URLs"
""
"Security"
"All","377","100.00%","377","All internal and non-HTML external URLs"
"HTTP URLs","0","0.00%","377","All internal and non-HTML external URLs"
"HTTPS URLs","377","100.00%","377","All internal and non-HTML external URLs"
"Mixed Content","0","0.00%","377","All internal and non-HTML external URLs"
"Form URL Insecure","0","0.00%","377","All internal and non-HTML external URLs"
"Form on HTTP URL","0","0.00%","377","All internal and non-HTML external URLs"
"Unsafe Cross-Origin Links","0","0.00%","377","All internal and non-HTML external URLs"
"Protocol-Relative Resource Links","0","0.00%","377","All internal and non-HTML external URLs"
"Missing HSTS Header","0","0.00%","377","All internal and non-HTML external URLs"
"Missing Content-Security-Policy Header","0","0.00%","377","All internal and non-HTML external URLs"
"Missing X-Content-Type-Options Header","0","0.00%","377","All internal and non-HTML external URLs"
"Missing X-Frame-Options Header","0","0.00%","377","All internal and non-HTML external URLs"
"Missing Secure Referrer-Policy Header","182","48.28%","377","All internal and non-HTML external URLs"
"Bad Content Type","0","0.00%","377","All internal and non-HTML external URLs"
""
"Response Codes"
"All","556","100.00%","556","All Internal & External Crawled URLs"
"Blocked by Robots.txt","1","0.18%","556","All Internal & External Crawled URLs"
"Blocked Resource","0","0.00%","556","All Internal & External Crawled URLs"
"No Response","1","0.18%","556","All Internal & External Crawled URLs"
"Success (2xx)","348","62.59%","556","All Internal & External Crawled URLs"
"Redirection (3xx)","189","33.99%","556","All Internal & External Crawled URLs"
"Redirection (JavaScript)","0","0.00%","556","All Internal & External Crawled URLs"
"Redirection (Meta Refresh)","0","0.00%","556","All Internal & External Crawled URLs"
"Redirection (HTTP Refresh)","0","0.00%","556","All Internal & External Crawled URLs"
"Client Error (4xx)","17","3.06%","556","All Internal & External Crawled URLs"
"Server Error (5xx)","0","0.00%","556","All Internal & External Crawled URLs"
"Internal All","377","67.81%","556","All Internal Crawled URLs"
"Internal Blocked by Robots.txt","0","0.00%","556","All Internal Crawled URLs"
"Internal Blocked Resource","0","0.00%","556","All Internal Crawled URLs"
"Internal No Response","0","0.00%","556","All Internal Crawled URLs"
"Internal Success (2xx)","182","32.73%","556","All Internal Crawled URLs"
"Internal Redirection (3xx)","183","32.91%","556","All Internal Crawled URLs"
"Internal Redirection (JavaScript)","0","0.00%","556","All Internal Crawled URLs"
"Internal Redirection (Meta Refresh)","0","0.00%","556","All Internal Crawled URLs"
"Internal Redirection (HTTP Refresh)","0","0.00%","556","All Internal Crawled URLs"
"Internal Redirect Chain","0","0.00%","556","All Internal Crawled URLs"
"Internal Redirect Loop","0","0.00%","556","All Internal Crawled URLs"
"Internal Client Error (4xx)","12","2.16%","556","All Internal Crawled URLs"
"Internal Server Error (5xx)","0","0.00%","556","All Internal Crawled URLs"
"External All","179","32.19%","556","All External Crawled URLs"
"External Blocked by Robots.txt","1","0.18%","556","All External Crawled URLs"
"External Blocked Resource","0","0.00%","556","All External Crawled URLs"
"External No Response","1","0.18%","556","All External Crawled URLs"
"External Success (2xx)","166","29.86%","556","All External Crawled URLs"
"External Redirection (3xx)","6","1.08%","556","All External Crawled URLs"
"External Redirection (JavaScript)","0","0.00%","556","All External Crawled URLs"
"External Redirection (Meta Refresh)","0","0.00%","556","All External Crawled URLs"
"External Redirection (HTTP Refresh)","0","0.00%","556","All External Crawled URLs"
"External Client Error (4xx)","5","0.90%","556","All External Crawled URLs"
"External Server Error (5xx)","0","0.00%","556","All External Crawled URLs"
""
"URL"
"All","377","100.00%","377","Internal URLs"
"Non ASCII Characters","16","4.24%","377","Internal URLs"
"Underscores","0","0.00%","377","Internal URLs"
"Uppercase","7","1.86%","377","Internal URLs"
"Multiple Slashes","0","0.00%","377","Internal URLs"
"Repetitive Path","0","0.00%","377","Internal URLs"
"Contains Space","0","0.00%","377","Internal URLs"
"Internal Search","0","0.00%","377","Internal URLs"
"Parameters","6","1.59%","377","Internal URLs"
"Broken Bookmark","0","0.00%","377","Internal URLs"
"GA Tracking Parameters","0","0.00%","377","Internal URLs"
"Over 115 Characters","6","1.59%","377","Internal URLs"
""
"Page Titles"
"All","174","100.00%","174","Internal HTML pages with 2xx response"
"Missing","0","0.00%","174","Internal HTML pages with 2xx response"
"Duplicate","151","86.78%","174","Internal HTML pages with 2xx response"
"Over 60 Characters","40","22.99%","174","Internal HTML pages with 2xx response"
"Below 30 Characters","68","39.08%","174","Internal HTML pages with 2xx response"
"Over 561 Pixels","40","22.99%","174","Internal HTML pages with 2xx response"
"Below 200 Pixels","44","25.29%","174","Internal HTML pages with 2xx response"
"Same as H1","0","0.00%","174","Internal HTML pages with 2xx response"
"Multiple","0","0.00%","174","Internal HTML pages with 2xx response"
"Outside <head>","0","0.00%","174","Internal HTML pages with 2xx response"
""
"Meta Description"
"All","174","100.00%","174","Internal HTML pages with 2xx response"
"Missing","68","39.08%","174","Internal HTML pages with 2xx response"
"Duplicate","66","37.93%","174","Internal HTML pages with 2xx response"
"Over 155 Characters","34","19.54%","174","Internal HTML pages with 2xx response"
"Below 70 Characters","47","27.01%","174","Internal HTML pages with 2xx response"
"Over 985 Pixels","34","19.54%","174","Internal HTML pages with 2xx response"
"Below 400 Pixels","47","27.01%","174","Internal HTML pages with 2xx response"
"Multiple","0","0.00%","174","Internal HTML pages with 2xx response"
"Outside <head>","0","0.00%","174","Internal HTML pages with 2xx response"
""
"Meta Keywords"
"All","174","100.00%","174","Internal HTML pages with 2xx response"
"Missing","168","96.55%","174","Internal HTML pages with 2xx response"
"Duplicate","0","0.00%","174","Internal HTML pages with 2xx response"
"Multiple","0","0.00%","174","Internal HTML pages with 2xx response"
""
"H1"
"All","174","100.00%","174","Internal HTML pages with 2xx response"
"Missing","12","6.90%","174","Internal HTML pages with 2xx response"
"Duplicate","114","65.52%","174","Internal HTML pages with 2xx response"
"Over 70 Characters","52","29.89%","174","Internal HTML pages with 2xx response"
"Multiple","19","10.92%","174","Internal HTML pages with 2xx response"
"Alt Text in H1","0","0.00%","174","Internal HTML pages with 2xx response"
"Non-Sequential","0","0.00%","174","Internal HTML pages with 2xx response"
""
"H2"
"All","174","100.00%","174","Internal HTML pages with 2xx response"
"Missing","22","12.64%","174","Internal HTML pages with 2xx response"
"Duplicate","115","66.09%","174","Internal HTML pages with 2xx response"
"Over 70 Characters","34","19.54%","174","Internal HTML pages with 2xx response"
"Multiple","115","66.09%","174","Internal HTML pages with 2xx response"
"Non-Sequential","18","10.34%","174","Internal HTML pages with 2xx response"
""
"Content"
"All","174","100.00%","174","Internal HTML pages with 2xx response"
"Exact Duplicates","0","0.00%","174","Internal HTML pages with 2xx response"
"Near Duplicates","59","33.91%","174","Internal HTML pages with 2xx response"
"Semantically Similar","0","0.00%","174","Internal HTML pages with 2xx response"
"Low Relevance Content","0","0.00%","174","Internal HTML pages with 2xx response"
"Low Content Pages","39","22.41%","174","Internal HTML pages with 2xx response"
"Soft 404 Pages","0","0.00%","174","Internal HTML pages with 2xx response"
"Spelling Errors","0","0.00%","174","Internal HTML pages with 2xx response"
"Grammar Errors","0","0.00%","174","Internal HTML pages with 2xx response"
"Readability Difficult","56","32.18%","174","Internal HTML pages with 2xx response"
"Readability Very Difficult","21","12.07%","174","Internal HTML pages with 2xx response"
"Lorem Ipsum Placeholder","0","0.00%","174","Internal HTML pages with 2xx response"
""
"Images"
"All","114","100.00%","114","Images with 2xx response"
"Over 100 kB","39","34.21%","114","Images with 2xx response"
"Missing Alt Text","22","19.30%","114","Images with 2xx response"
"Missing Alt Attribute","37","32.46%","114","Images with 2xx response"
"Alt Text Over 100 Characters","0","0.00%","114","Images with 2xx response"
"Background Images","0","0.00%","114","Images with 2xx response"
"Incorrectly Sized Images","0","0.00%","114","Images with 2xx response"
"Missing Size Attributes","0","0.00%","114","Images with 2xx response"
""
"Canonicals"
"All","174","100.00%","174","Internal HTML or PDF pages with 2xx response"
"Contains Canonical","174","100.00%","174","Internal HTML or PDF pages with 2xx response"
"Self Referencing","168","96.55%","174","Internal HTML or PDF pages with 2xx response"
"Canonicalised","6","3.45%","174","Internal HTML or PDF pages with 2xx response"
"Missing","0","0.00%","174","Internal HTML or PDF pages with 2xx response"
"Multiple","0","0.00%","174","Internal HTML or PDF pages with 2xx response"
"Multiple Conflicting","0","0.00%","174","Internal HTML or PDF pages with 2xx response"
"Non-Indexable Canonical","0","0.00%","174","Internal HTML or PDF pages with 2xx response"
"Canonical Is Relative","0","0.00%","174","Internal HTML or PDF pages with 2xx response"
"Unlinked","0","0.00%","174","Internal HTML or PDF pages with 2xx response"
"Invalid Attribute In Annotation","0","0.00%","174","Internal HTML or PDF pages with 2xx response"
"Contains Fragment URL","0","0.00%","174","Internal HTML or PDF pages with 2xx response"
"Outside <head>","0","0.00%","174","Internal HTML or PDF pages with 2xx response"
""
"Pagination"
"All","174","100.00%","174","Internal HTML pages with 2xx response"
"Contains Pagination","0","0.00%","174","Internal HTML pages with 2xx response"
"First Page","0","0.00%","174","Internal HTML pages with 2xx response"
"Paginated 2+ Pages","0","0.00%","174","Internal HTML pages with 2xx response"
"Pagination URL Not in Anchor Tag","0","0.00%","174","Internal HTML pages with 2xx response"
"Non-200 Pagination URLs","0","0.00%","174","Internal HTML pages with 2xx response"
"Unlinked Pagination URLs","0","0.00%","174","Internal HTML pages with 2xx response"
"Non-Indexable","0","0.00%","174","Internal HTML pages with 2xx response"
"Multiple Pagination URLs","0","0.00%","174","Internal HTML pages with 2xx response"
"Pagination Loop","0","0.00%","174","Internal HTML pages with 2xx response"
"Sequence Error","0","0.00%","174","Internal HTML pages with 2xx response"
""
"Directives"
"All","182","100.00%","182","Internal URLs with 2xx response"
"Index","174","95.60%","182","Internal URLs with 2xx response"
"Noindex","0","0.00%","182","Internal URLs with 2xx response"
"Follow","174","95.60%","182","Internal URLs with 2xx response"
"Nofollow","0","0.00%","182","Internal URLs with 2xx response"
"None","0","0.00%","182","Internal URLs with 2xx response"
"NoArchive","0","0.00%","182","Internal URLs with 2xx response"
"NoSnippet","0","0.00%","182","Internal URLs with 2xx response"
"Max-Snippet","174","95.60%","182","Internal URLs with 2xx response"
"Max-Image-Preview","174","95.60%","182","Internal URLs with 2xx response"
"Max-Video-Preview","174","95.60%","182","Internal URLs with 2xx response"
"NoODP","0","0.00%","182","Internal URLs with 2xx response"
"NoYDIR","0","0.00%","182","Internal URLs with 2xx response"
"NoImageIndex","0","0.00%","182","Internal URLs with 2xx response"
"NoTranslate","0","0.00%","182","Internal URLs with 2xx response"
"Unavailable_After","0","0.00%","182","Internal URLs with 2xx response"
"Refresh","0","0.00%","186","Internal HTML pages with 2xx response"
"Outside <head>","0","0.00%","182","Internal URLs with 2xx response"
""
"Hreflang"
"All","174","100.00%","174","Internal pages with 2xx response"
"Contains hreflang","162","93.10%","174","Internal pages with 2xx response"
"Non-200 hreflang URLs","71","40.80%","174","Internal pages with 2xx response"
"Unlinked hreflang URLs","110","63.22%","174","Internal pages with 2xx response"
"Missing Return Links","10","5.75%","174","Internal pages with 2xx response"
"Inconsistent Language & Region Return Links","0","0.00%","174","Internal pages with 2xx response"
"Non-Canonical Return Links","0","0.00%","174","Internal pages with 2xx response"
"Noindex Return Links","0","0.00%","174","Internal pages with 2xx response"
"Incorrect Language & Region Codes","0","0.00%","174","Internal pages with 2xx response"
"Multiple Entries","0","0.00%","174","Internal pages with 2xx response"
"Missing Self Reference","2","1.15%","174","Internal pages with 2xx response"
"Not Using Canonical","0","0.00%","174","Internal pages with 2xx response"
"Missing X-Default","0","0.00%","174","Internal pages with 2xx response"
"Missing","12","6.90%","174","Internal pages with 2xx response"
"Outside <head>","0","0.00%","174","Internal pages with 2xx response"
""
"JavaScript"
"All","174","100.00%","174","Internal HTML pages with 2xx response"
"Pages with Blocked Resources","0","0.00%","174","Internal HTML pages with 2xx response"
"Contains JavaScript Links","0","0.00%","174","Internal HTML pages with 2xx response"
"Contains JavaScript Content","0","0.00%","174","Internal HTML pages with 2xx response"
"Noindex Only in Original HTML","0","0.00%","174","Internal HTML pages with 2xx response"
"Nofollow Only in Original HTML","0","0.00%","174","Internal HTML pages with 2xx response"
"Canonical Only in Rendered HTML","0","0.00%","174","Internal HTML pages with 2xx response"
"Canonical Mismatch","0","0.00%","174","Internal HTML pages with 2xx response"
"Page Title Only in Rendered HTML","0","0.00%","174","Internal HTML pages with 2xx response"
"Page Title Updated by JavaScript","0","0.00%","174","Internal HTML pages with 2xx response"
"Meta Description Only in Rendered HTML","0","0.00%","174","Internal HTML pages with 2xx response"
"Meta Description Updated by JavaScript","0","0.00%","174","Internal HTML pages with 2xx response"
"H1 Only in Rendered HTML","0","0.00%","174","Internal HTML pages with 2xx response"
"H1 Updated by JavaScript","0","0.00%","174","Internal HTML pages with 2xx response"
"Uses Old AJAX Crawling Scheme URLs","0","0.00%","174","Internal HTML pages with 2xx response"
"Uses Old AJAX Crawling Scheme Meta Fragment Tag","0","0.00%","174","Internal HTML pages with 2xx response"
"Pages with JavaScript Errors","0","0.00%","174","Internal HTML pages with 2xx response"
"Pages with JavaScript Warnings","0","0.00%","174","Internal HTML pages with 2xx response"
"Pages with Chrome Issues","0","0.00%","174","Internal HTML pages with 2xx response"
""
"Links"
"All","174","100.00%","174","Internal HTML pages with 2xx response"
"Pages With Uncrawlable Internal Outlinks","0","0.00%","174","Internal HTML pages with 2xx response"
"Pages With High Crawl Depth","132","75.86%","174","Internal HTML pages with 2xx response"
"Pages Without Internal Outlinks","0","0.00%","174","Internal HTML pages with 2xx response"
"Internal Nofollow Outlinks","0","0.00%","174","Internal HTML pages with 2xx response"
"Internal Outlinks With No Anchor Text","32","18.39%","174","Internal HTML pages with 2xx response"
"Non-Descriptive Anchor Text In Internal Outlinks","1","0.57%","174","Internal HTML pages with 2xx response"
"Pages With High External Outlinks","28","16.09%","174","Internal HTML pages with 2xx response"
"Pages With High Internal Outlinks","0","0.00%","174","Internal HTML pages with 2xx response"
"Follow & Nofollow Internal Inlinks To Page","0","0.00%","174","Internal HTML pages with 2xx response"
"Internal Nofollow Inlinks Only","0","0.00%","174","Internal HTML pages with 2xx response"
"Outlinks To Localhost","0","0.00%","174","Internal HTML pages with 2xx response"
"Non-Indexable Page Inlinks Only","0","0.00%","174","Internal HTML pages with 2xx response"
""
"AMP"
"All","0","0.00%","0","Internal AMP URLs"
"Non-200 Response","0","0.00%","186","Internal HTML URLs"
"Missing Non-AMP Return Link","0","0.00%","0","Internal AMP URLs"
"Missing Canonical to Non-AMP","0","0.00%","0","Internal AMP URLs"
"Non-Indexable Canonical","0","0.00%","0","Internal AMP URLs"
"Indexable","0","0.00%","0","Internal AMP URLs"
"Non-Indexable","0","0.00%","0","Internal AMP URLs"
"Missing <html amp> Tag","0","0.00%","186","Internal HTML URLs"
"Missing/Invalid <!doctype html> Tag","0","0.00%","0","Internal AMP URLs"
"Missing <head> Tag","0","0.00%","0","Internal AMP URLs"
"Missing <body> Tag","0","0.00%","0","Internal AMP URLs"
"Missing Canonical","0","0.00%","0","Internal AMP URLs"
"Missing/Invalid <meta charset> Tag","0","0.00%","0","Internal AMP URLs"
"Missing/Invalid <meta viewport> Tag","0","0.00%","0","Internal AMP URLs"
"Missing/Invalid AMP Script","0","0.00%","0","Internal AMP URLs"
"Missing/Invalid AMP Boilerplate","0","0.00%","0","Internal AMP URLs"
"Contains Disallowed HTML","0","0.00%","0","Internal AMP URLs"
"Other Validation Errors","0","0.00%","0","Internal AMP URLs"
""
"Structured Data"
"All","174","100.00%","174","Internal HTML pages with 2xx response"
"Contains Structured Data","174","100.00%","174","Internal HTML pages with 2xx response"
"Missing","0","0.00%","174","Internal HTML pages with 2xx response"
"Validation Errors","0","0.00%","174","Internal HTML pages with 2xx response"
"Validation Warnings","0","0.00%","174","Internal HTML pages with 2xx response"
"Rich Result Validation Errors","0","0.00%","174","Internal HTML pages with 2xx response"
"Rich Result Validation Warnings","168","96.55%","174","Internal HTML pages with 2xx response"
"Parse Errors","0","0.00%","174","Internal HTML pages with 2xx response"
"Microdata URLs","0","0.00%","174","Internal HTML pages with 2xx response"
"JSON-LD URLs","174","100.00%","174","Internal HTML pages with 2xx response"
"RDFa URLs","0","0.00%","174","Internal HTML pages with 2xx response"
"Rich Result Feature Detected","174","100.00%","174","Internal HTML pages with 2xx response"
""
"Sitemaps"
"All","373","100.00%","373","Internal HTML/XML pages"
"URLs in Sitemap","182","48.79%","373","Internal HTML/XML pages"
"URLs not in Sitemap","168","45.04%","373","Internal HTML/XML pages"
"Orphan URLs","135","36.19%","373","Internal HTML/XML pages"
"Non-Indexable URLs in Sitemap","182","48.79%","373","Internal HTML/XML pages"
"URLs in Multiple Sitemaps","0","0.00%","373","Internal HTML/XML pages"
"XML Sitemap with over 50k URLs","0","0.00%","373","Internal HTML/XML pages"
"XML Sitemap over 50MB","0","0.00%","373","Internal HTML/XML pages"
""
"PageSpeed"
"All","174","100.00%","174","Internal HTML URLs with 2xx response"
"Document Request Latency","0","0.00%","174","Internal HTML URLs with 2xx response"
"LCP Request Discovery","0","0.00%","174","Internal HTML URLs with 2xx response"
"Render Blocking Requests","0","0.00%","174","Internal HTML URLs with 2xx response"
"Network Dependency Tree","0","0.00%","174","Internal HTML URLs with 2xx response"
"Use Efficient Cache Lifetimes","0","0.00%","174","Internal HTML URLs with 2xx response"
"Layout Shift Culprits","0","0.00%","174","Internal HTML URLs with 2xx response"
"Optimize DOM Size","0","0.00%","174","Internal HTML URLs with 2xx response"
"Improve Image Delivery","0","0.00%","174","Internal HTML URLs with 2xx response"
"Forced Reflow","0","0.00%","174","Internal HTML URLs with 2xx response"
"Legacy JavaScript","0","0.00%","174","Internal HTML URLs with 2xx response"
"Duplicated JavaScript","0","0.00%","174","Internal HTML URLs with 2xx response"
"Font Display","0","0.00%","174","Internal HTML URLs with 2xx response"
"Avoid Enormous Network Payloads","0","0.00%","174","Internal HTML URLs with 2xx response"
"Minify CSS","0","0.00%","174","Internal HTML URLs with 2xx response"
"Minify JavaScript","0","0.00%","174","Internal HTML URLs with 2xx response"
"Reduce Unused CSS","0","0.00%","174","Internal HTML URLs with 2xx response"
"Reduce Unused JavaScript","0","0.00%","174","Internal HTML URLs with 2xx response"
"Reduce JavaScript Execution Time","0","0.00%","174","Internal HTML URLs with 2xx response"
"Minimize Main-Thread Work","0","0.00%","174","Internal HTML URLs with 2xx response"
"Request Errors","0","0.00%","174","Internal HTML URLs with 2xx response"
""
"Mobile"
"All","174","100.00%","174",""
"Viewport Not Set","0","0.00%","174",""
"Target Size","0","0.00%","174",""
"Content Not Sized Correctly","0","0.00%","174",""
"Illegible Font Size","0","0.00%","174",""
"Contains Unsupported Plugins","0","0.00%","174",""
"Mobile Alternate Link","0","0.00%","174",""
""
"Accessibility"
"All","174","100.00%","174",""
"Accessibility Score Poor","0","0.00%","174",""
"Accessibility Score Needs Improvement","0","0.00%","174",""
"Accessibility Score Good","0","0.00%","174",""
"WCAG 2.0 A Violation","0","0.00%","174",""
"WCAG 2.0 AA Violation","0","0.00%","174",""
"WCAG 2.0 AAA Violation","0","0.00%","174",""
"WCAG 2.1 AA Violation","0","0.00%","174",""
"WCAG 2.2 AA Violation","0","0.00%","174",""
"Best Practice Violation","0","0.00%","174",""
"Accesskey Attribute Value Must Be Unique","0","0.00%","174",""
"Ensure Elements Marked Presentational Are Ignored","0","0.00%","174",""
"Elements Must Not Have Tabindex Greater Than Zero","0","0.00%","174",""
"Scrollable Region Requires Keyboard Access","0","0.00%","174",""
"Skip-link Target Should Exist & Be Focusable","0","0.00%","174",""
"Required ARIA Attributes Must Be Provided","0","0.00%","174",""
"Role=text Should Have No Focusable Descendants","0","0.00%","174",""
"ARIA Attribute Must Be Used As Specified For Role","0","0.00%","174",""
"ARIA Attributes Require Valid Values","0","0.00%","174",""
"ARIA Attributes Require Valid Names","0","0.00%","174",""
"ARIA Commands Require Accessible Name","0","0.00%","174",""
"ARIA Dialog & Alertdialog Require Accessible Name","0","0.00%","174",""
"ARIA Input Fields Require Accessible Name","0","0.00%","174",""
"ARIA Meter Nodes Require Accessible Name","0","0.00%","174",""
"ARIA Progressbar Nodes Require Accessible Name","0","0.00%","174",""
"ARIA Role Should Be Appropriate For Element","0","0.00%","174",""
"ARIA Roles Must Be Contained By Required Parent","0","0.00%","174",""
"ARIA Roles Require Valid Values","0","0.00%","174",""
"ARIA Toggle Fields Require Accessible Name","0","0.00%","174",""
"ARIA Tooltip Nodes Require Accessible Name","0","0.00%","174",""
"ARIA Treeitem Nodes Require Accessible Name","0","0.00%","174",""
"Certain ARIA Roles Must Contain Specific Children","0","0.00%","174",""
"Deprecated ARIA Roles Must Not Be Used","0","0.00%","174",""
"Aria-braille Require Non-braille Equivalent","0","0.00%","174",""
"Aria-hidden Elements Contains Focusable Elements","0","0.00%","174",""
"Aria-hidden=true Must Not Be Used In <body>","0","0.00%","174",""
"Elements Must Only Use Permitted ARIA Attributes","0","0.00%","174",""
"Elements Must Use Allowed ARIA Attributes","0","0.00%","174",""
"IDs Used In ARIA & Labels Must Be Unique","0","0.00%","174",""
"Page Requires Means To Bypass Repeated Blocks","0","0.00%","174",""
"All Page Content Must Be Contained By Landmarks","0","0.00%","174",""
"Page Requires One Main Landmark","0","0.00%","174",""
"Page Must Not Have More Than One Banner Landmark","0","0.00%","174",""
"Banner Landmark Must Not Be In Another Landmark","0","0.00%","174",""
"Page Must Not Have Multiple Contentinfo Landmarks","0","0.00%","174",""
"Page Requires At Most One Main Landmark","0","0.00%","174",""
"Complementary Landmarks & Asides Must Be Top Level","0","0.00%","174",""
"Contentinfo Landmark Must Be Top Level Landmark","0","0.00%","174",""
"Main Landmark Must Not Be In Another Landmark","0","0.00%","174",""
"Landmarks Require Unique Role Or Accessible Name","0","0.00%","174",""
"Form Field Must Not Have Multiple Label Elements","0","0.00%","174",""
"Form <input> Elements Require Labels","0","0.00%","174",""
"Form Elements Should Have Visible Label","0","0.00%","174",""
"Autocomplete Attribute Must Be Used Correctly","0","0.00%","174",""
"Frames Require Title Attribute","0","0.00%","174",""
"Frames Require Unique Title Attribute","0","0.00%","174",""
"Frames Should Be Tested With axe-core","0","0.00%","174",""
"Frames With Focusable Content Must Not Use tabindex=-1","0","0.00%","174",""
"Page Must Contain <title>","0","0.00%","174",""
"Page Must Contain <h1>","0","0.00%","174",""
"Heading Levels Should Only Increase By One","0","0.00%","174",""
"Headings Should Not Be Empty","0","0.00%","174",""
"Meta Viewport Should Allow Zoom & Scale Up to 500%","0","0.00%","174",""
"Meta Viewport Zoom & Scaling Disabled","0","0.00%","174",""
"HTML Element Lang Attribute Value Must Be Valid","0","0.00%","174",""
"HTML Element Requires Lang Attribute","0","0.00%","174",""
"HTML Lang & XML Lang Value Should Match","0","0.00%","174",""
"Lang Attribute Requires Valid Value","0","0.00%","174",""
"Delayed Meta Refresh Must Not Be Used","0","0.00%","174",""
"Timed Meta Refresh Must Not Exist","0","0.00%","174",""
"Image Button Requires Alternate Text","0","0.00%","174",""
"Images Require Alternate Text","0","0.00%","174",""
"<object> Elements Require Alternate Text","0","0.00%","174",""
"Active <area> Elements Require Alternate Text","0","0.00%","174",""
"Alt Text Should Not Be Repeated As Text","0","0.00%","174",""
"Elements Marked role=img Require Alternate Text","0","0.00%","174",""
"SVG Images & Graphics Require Accessible Text","0","0.00%","174",""
"Server-Side Image Maps Must Not Be Used","0","0.00%","174",""
"<video> Elements Require <track> For Captions","0","0.00%","174",""
"<video> or <audio> Elements Must Not Auto-play","0","0.00%","174",""
"Buttons Require Discernible Text","0","0.00%","174",""
"Input Buttons Require Discernible Text","0","0.00%","174",""
"Inline Text Spacing Must Be Adjustable","0","0.00%","174",""
"Links Must Be Distinguishable","0","0.00%","174",""
"Links Require Discernible Text","0","0.00%","174",""
"Links With Same Accessible Name","0","0.00%","174",""
"Select Element Requires Accessible Name","0","0.00%","174",""
"Summary Elements Require Discernible Text","0","0.00%","174",""
"Deprecated <marquee> Element Must Not Be Used","0","0.00%","174",""
"<blink> Elements Deprecated & Must Not Be Used","0","0.00%","174",""
"Text Requires Higher Color Contrast Ratio","0","0.00%","174",""
"Text Requires Higher Color Contrast to Background","0","0.00%","174",""
"Touch Targets Require Sufficient Size & Spacing","0","0.00%","174",""
"Interactive Controls Must Not Be Nested","0","0.00%","174",""
"List Items Must Be Contained In List Elements","0","0.00%","174",""
"Lists Must Only Contain <li> Content Elements","0","0.00%","174",""
"<dl> Must Only Have Ordered <dt> & <dd> Groups","0","0.00%","174",""
"<dt> & <dd> Elements Must Be Contained by <dl>","0","0.00%","174",""
"<th> Element Requires Associated Data Cells","0","0.00%","174",""
"Table Header Attr Must Refer To Cell In Same Table","0","0.00%","174",""
"Table Headers Require Discernible Text","0","0.00%","174",""
"Table With Identical Summary & Caption Text","0","0.00%","174",""
"Scope Attribute Should Be Used Correctly On Tables","0","0.00%","174",""
""
"Custom Search"
"All","174","100.00%","174","Internal HTML pages with 2xx response"
""
"Custom Extraction"
"All","174","100.00%","174","Internal HTML pages with 2xx response"
"Extracteur 1","174","100.00%","174","Internal HTML pages with 2xx response"
""
"Custom JavaScript"
"All","182","100.00%","182","Internal HTML pages with 2xx response"
""
"Analytics"
"All","369","100.00%","369","Internal URLs with associated Google Analytics data"
"Sessions Above 0","0","0.00%","369","Internal URLs with associated Google Analytics data"
"Bounce Rate Above 70%","0","0.00%","369","Internal URLs with associated Google Analytics data"
"No GA Data","0","0.00%","369","Internal URLs with associated Google Analytics data"
"Non-Indexable with GA Data","0","0.00%","369","Internal URLs with associated Google Analytics data"
"Orphan URLs","0","0.00%","369","Internal URLs with associated Google Analytics data"
""
"Search Console"
"All","369","100.00%","369","Internal URLs with associated Google Search Console data"
"Clicks Above 0","62","16.80%","369","Internal URLs with associated Google Search Console data"
"No Search Analytics Data","53","14.36%","369","Internal URLs with associated Google Search Console data"
"Non-Indexable with Search Analytics Data","15","4.07%","369","Internal URLs with associated Google Search Console data"
"Orphan URLs","198","53.66%","369","Internal URLs with associated Google Search Console data"
"URL is Not on Google","0","0.00%","369","Internal URLs with associated Google Search Console data"
"Indexable URL Not Indexed","0","0.00%","369","Internal URLs with associated Google Search Console data"
"URL is on Google But Has Issues","0","0.00%","369","Internal URLs with associated Google Search Console data"
"User-Declared Canonical Not Selected","0","0.00%","369","Internal URLs with associated Google Search Console data"
"Page is Not Mobile Friendly","0","0.00%","369","Internal URLs with associated Google Search Console data"
"AMP URL Invalid","0","0.00%","369","Internal URLs with associated Google Search Console data"
"Rich Result Invalid","0","0.00%","369","Internal URLs with associated Google Search Console data"
""
"Validation"
"All","377","100.00%","377","Internal URLs with 2xx response"
"Invalid HTML Elements in <head>","0","0.00%","377","Internal URLs with 2xx response"
"<body> Element Preceding <html>","0","0.00%","377","Internal URLs with 2xx response"
"<head> Not First In <html> Element","0","0.00%","377","Internal URLs with 2xx response"
"Missing <head> Tag","0","0.00%","377","Internal URLs with 2xx response"
"Multiple <head> Tags","0","0.00%","377","Internal URLs with 2xx response"
"Missing <body> Tag","0","0.00%","377","Internal URLs with 2xx response"
"Multiple <body> Tags","0","0.00%","377","Internal URLs with 2xx response"
"HTML Document Over 2MB","0","0.00%","377","Internal URLs with 2xx response"
"Resource Over 2MB","0","0.00%","377","Internal URLs with 2xx response"
"High Carbon Rating","0","0.00%","377","Internal URLs with 2xx response"
""
"Link Metrics"
"All","365","100.00%","365","Internal HTML/PDF pages"
""
"AI"
"All","182","100.00%","182","Internal HTML URLs with 2xx response"
""
""
"Depth (Clicks from Start URL)"
"0","1","0.57%","174","Internal HTML pages with 2xx response"
"1","23","13.22%","174","Internal HTML pages with 2xx response"
"2","14","8.05%","174","Internal HTML pages with 2xx response"
"3","0","0.00%","174","Internal HTML pages with 2xx response"
"4","0","0.00%","174","Internal HTML pages with 2xx response"
"5","0","0.00%","174","Internal HTML pages with 2xx response"
"6","0","0.00%","174","Internal HTML pages with 2xx response"
"7","0","0.00%","174","Internal HTML pages with 2xx response"
"8","0","0.00%","174","Internal HTML pages with 2xx response"
"9","0","0.00%","174","Internal HTML pages with 2xx response"
"10+","0","0.00%","174","Internal HTML pages with 2xx response"
""
"Inlinks (Top 20 URLs)"
"https://cybervadis.com/fr/attenuer-les-risques-lies-aux-tiers/evaluation-basee-sur-la-revue-de-preuves","61","35.06%","174","Internal HTML pages with 2xx response"
"https://cybervadis.com/fr/a-propos","61","35.06%","174","Internal HTML pages with 2xx response"
"https://cybervadis.com/fr/attenuer-les-risques-lies-aux-tiers/analyse-automatisee-des-risques","61","35.06%","174","Internal HTML pages with 2xx response"
"https://cybervadis.com/fr/attenuer-les-risques-lies-aux-tiers/methodologie-basee-sur-un-cadre-de-references","61","35.06%","174","Internal HTML pages with 2xx response"
"https://cybervadis.com/fr","61","35.06%","174","Internal HTML pages with 2xx response"
"https://cybervadis.com/fr/attenuer-les-risques-lies-aux-tiers/reduction-des-risques","61","35.06%","174","Internal HTML pages with 2xx response"
"https://cybervadis.com/fr/se-faire-evaluer/comment-ca-marche","61","35.06%","174","Internal HTML pages with 2xx response"
"https://cybervadis.com/fr/a-propos/trust-center","61","35.06%","174","Internal HTML pages with 2xx response"
"https://cybervadis.com/fr/ressources","61","35.06%","174","Internal HTML pages with 2xx response"
"https://cybervadis.com/fr/actualites","61","35.06%","174","Internal HTML pages with 2xx response"
"https://cybervadis.com/fr/legal-notice","61","35.06%","174","Internal HTML pages with 2xx response"
"https://cybervadis.com/fr/legal","61","35.06%","174","Internal HTML pages with 2xx response"
"https://cybervadis.com/fr/se-faire-evaluer/medailles","61","35.06%","174","Internal HTML pages with 2xx response"
"https://cybervadis.com/fr/se-faire-evaluer","61","35.06%","174","Internal HTML pages with 2xx response"
"https://cybervadis.com/fr/pourquoi-choisir-cybervadis","61","35.06%","174","Internal HTML pages with 2xx response"
"https://cybervadis.com/fr/a-propos/contact","61","35.06%","174","Internal HTML pages with 2xx response"
"https://cybervadis.com/fr/se-faire-evaluer/evaluation-adaptee-et-standardisee","61","35.06%","174","Internal HTML pages with 2xx response"
"https://cybervadis.com/fr/attenuer-les-risques-lies-aux-tiers","61","35.06%","174","Internal HTML pages with 2xx response"
"https://cybervadis.com/fr/attenuer-les-risques-lies-aux-tiers/tarification","61","35.06%","174","Internal HTML pages with 2xx response"
"https://cybervadis.com/about-us/contact","59","33.91%","174","Internal HTML pages with 2xx response"
""
"Response Time (Seconds)","URLs","% of Total"
"1","377","100.00%"
